time,open,high,low,close,volume
2025-10-16 21:12:00+00:00,426.3,426.4,426.25,426.26,0
2025-10-16 21:13:00+00:00,426.325,426.4,426.22,426.4,0
2025-10-16 21:14:00+00:00,426.38,427.0,426.3563,426.938,0
2025-10-16 21:15:00+00:00,427.0,427.0,426.6,426.95,0
2025-10-16 21:16:00+00:00,426.75,427.0,426.7,426.9,0
2025-10-16 21:17:00+00:00,426.98,426.98,426.7,426.85,0
2025-10-16 21:18:00+00:00,426.89,427.0,426.8,426.95,0
2025-10-16 21:19:00+00:00,426.99,427.2,426.8048,427.08,0
2025-10-16 21:20:00+00:00,427.0,427.2,426.9001,427.08,0
2025-10-16 21:21:00+00:00,427.0891,427.0891,426.9,426.95,0
2025-10-16 21:22:00+00:00,427.0,427.0,426.75,426.825,0
2025-10-16 21:23:00+00:00,426.79,426.86,426.5,426.58,0
2025-10-16 21:24:00+00:00,426.6,426.6,426.4,426.6,0
2025-10-16 21:25:00+00:00,426.51,426.6,426.51,426.5999,0
2025-10-16 21:26:00+00:00,426.51,426.6,426.51,426.545,0
2025-10-16 21:27:00+00:00,426.6,426.6,426.51,426.55,0
2025-10-16 21:28:00+00:00,426.55,428.2,426.51,427.15,0
2025-10-16 21:29:00+00:00,428.1199,428.1199,427.44,427.9,0
2025-10-16 21:30:00+00:00,427.8601,428.0,427.01,427.636,0
2025-10-16 21:31:00+00:00,427.43,427.85,427.01,427.375,0
2025-10-16 21:32:00+00:00,427.375,427.88,427.375,427.55,0
2025-10-16 21:33:00+00:00,427.55,427.7,427.21,427.35,0
2025-10-16 21:34:00+00:00,427.49,427.49,426.7,426.87,0
2025-10-16 21:35:00+00:00,427.0,427.1,426.7,427.1,0
2025-10-16 21:36:00+00:00,427.05,427.1,426.61,426.97,0
2025-10-16 21:37:00+00:00,426.9,427.0,426.8,427.0,0
2025-10-16 21:38:00+00:00,426.9,426.98,426.8,426.96,0
2025-10-16 21:39:00+00:00,426.98,427.0,426.81,426.8911,0
2025-10-16 21:40:00+00:00,426.97,426.97,426.56,426.61,0
2025-10-16 21:41:00+00:00,426.8,426.95,426.6633,426.85,0
2025-10-16 21:42:00+00:00,426.9484,427.1,426.83,427.0,0
2025-10-16 21:43:00+00:00,426.9593,427.1,426.95,427.07,0
2025-10-16 21:44:00+00:00,427.07,427.07,426.83,427.0,0
2025-10-16 21:45:00+00:00,426.9,427.0,426.9,427.0,0
2025-10-16 21:46:00+00:00,426.9,427.0,426.9,426.91,0
2025-10-16 21:47:00+00:00,426.96,426.9999,426.9,426.911,0
2025-10-16 21:48:00+00:00,426.99,426.99,426.78,426.88,0
2025-10-16 21:49:00+00:00,426.99,427.09,426.78,426.8,0
2025-10-16 21:50:00+00:00,426.98,427.1,426.8,427.1,0
2025-10-16 21:51:00+00:00,427.0,427.1,426.92,426.95,0
2025-10-16 21:52:00+00:00,426.8,427.09,426.8,426.93,0
2025-10-16 21:53:00+00:00,426.93,427.09,426.8,427.01,0
2025-10-16 21:54:00+00:00,427.01,427.1,426.8,426.94,0
2025-10-16 21:55:00+00:00,427.0,427.45,427.0,427.45,0
2025-10-16 21:56:00+00:00,427.05,427.43,427.05,427.24,0
2025-10-16 21:57:00+00:00,427.37,427.42,427.1,427.3,0
2025-10-16 21:58:00+00:00,427.4,427.4,427.25,427.25,0
2025-10-16 21:59:00+00:00,427.3,427.36,427.23,427.305,0
2025-10-16 22:00:00+00:00,427.3,428.0,427.3,427.99,0
2025-10-16 22:01:00+00:00,427.75,427.95,427.6,427.78,0
2025-10-16 22:02:00+00:00,427.84,428.25,427.7302,428.25,0
2025-10-16 22:03:00+00:00,428.02,428.25,427.7,427.9809,0
2025-10-16 22:04:00+00:00,427.7,428.2,427.7,428.0,0
2025-10-16 22:05:00+00:00,428.2,428.2,427.8,427.8,0
2025-10-16 22:06:00+00:00,427.8,428.0,427.41,427.99,0
2025-10-16 22:07:00+00:00,427.97,428.2,427.8,428.2,0
2025-10-16 22:08:00+00:00,428.2,428.4,428.09,428.4,0
2025-10-16 22:09:00+00:00,428.38,428.4,428.0501,428.25,0
2025-10-16 22:10:00+00:00,428.25,428.65,428.1,428.5,0
2025-10-16 22:11:00+00:00,428.55,428.55,428.0,428.25,0
2025-10-16 22:12:00+00:00,428.35,428.35,428.06,428.155,0
2025-10-16 22:13:00+00:00,428.06,428.25,428.06,428.155,0
2025-10-16 22:14:00+00:00,428.07,428.19,427.9,427.91,0
2025-10-16 22:15:00+00:00,428.0,428.1,427.72,427.91,0
2025-10-16 22:16:00+00:00,427.91,428.06,427.53,427.801,0
2025-10-16 22:17:00+00:00,427.801,428.0,427.7,427.8,0
2025-10-16 22:18:00+00:00,427.8,427.87,427.65,427.8,0
2025-10-16 22:19:00+00:00,427.65,427.98,427.65,427.96,0
2025-10-16 22:20:00+00:00,427.81,427.98,427.65,427.98,0
2025-10-16 22:21:00+00:00,427.815,427.98,427.65,427.8,0
2025-10-16 22:22:00+00:00,427.815,427.9,427.66,427.7,0
2025-10-16 22:23:00+00:00,427.8,427.93,427.7,427.84,0
2025-10-16 22:24:00+00:00,427.84,427.88,427.2,427.5,0
2025-10-16 22:25:00+00:00,427.5,427.85,427.2,427.575,0
2025-10-16 22:26:00+00:00,427.48,427.65,427.48,427.55,0
2025-10-16 22:27:00+00:00,427.49,427.6,427.485,427.55,0
2025-10-16 22:28:00+00:00,427.48,427.94,427.48,427.7,0
2025-10-16 22:29:00+00:00,427.7,427.8,427.5,427.77,0
2025-10-16 22:30:00+00:00,427.7945,427.8,427.655,427.7,0
2025-10-16 22:31:00+00:00,427.65,427.8,427.5,427.7025,0
2025-10-16 22:32:00+00:00,427.75,427.8,427.6,427.75,0
2025-10-16 22:33:00+00:00,427.75,427.85,427.6,427.85,0
2025-10-16 22:34:00+00:00,427.78,427.8308,427.5,427.7886,0
2025-10-16 22:35:00+00:00,427.75,427.79,427.54,427.79,0
2025-10-16 22:36:00+00:00,427.79,428.75,427.54,427.78,0
2025-10-16 22:37:00+00:00,427.53,427.7888,427.53,427.73,0
2025-10-16 22:38:00+00:00,427.78,427.78,427.48,427.5499,0
2025-10-16 22:39:00+00:00,427.4012,427.55,427.4,427.475,0
2025-10-16 22:40:00+00:00,427.4,427.548,427.2,427.25,0
2025-10-16 22:41:00+00:00,427.17,427.25,426.93,427.0,0
2025-10-16 22:42:00+00:00,427.0,427.11,426.78,426.81,0
2025-10-16 22:43:00+00:00,426.78,426.78,426.5,426.58,0
2025-10-16 22:44:00+00:00,426.51,427.05,426.5,426.95,0
2025-10-16 22:45:00+00:00,426.755,427.0499,426.51,427.0,0
2025-10-16 22:46:00+00:00,426.84,427.0,426.7,426.9,0
2025-10-16 22:47:00+00:00,426.875,427.0,426.7637,426.85,0
2025-10-16 22:48:00+00:00,426.99,427.48,426.92,427.17,0
2025-10-16 22:49:00+00:00,427.12,427.44,427.12,427.3,0
2025-10-16 22:50:00+00:00,427.3,427.44,426.9,426.9,0
2025-10-16 22:51:00+00:00,427.17,427.38,426.9,427.04,0
2025-10-16 22:52:00+00:00,427.06,427.17,427.0,427.0,0
2025-10-16 22:53:00+00:00,427.24,427.3,427.0165,427.09,0
2025-10-16 22:54:00+00:00,427.15,427.23,426.79,426.8,0
2025-10-16 22:55:00+00:00,426.77,426.95,426.5,426.5801,0
2025-10-16 22:56:00+00:00,426.59,426.71,426.5,426.54,0
2025-10-16 22:57:00+00:00,426.6,426.68,426.5008,426.6647,0
2025-10-16 22:58:00+00:00,426.59,426.83,426.59,426.8,0
2025-10-16 22:59:00+00:00,426.8,426.8,426.4,426.53,0
2025-10-16 23:00:00+00:00,426.79,426.79,426.35,426.4987,0
2025-10-16 23:01:00+00:00,426.45,426.49,426.2,426.2,0
2025-10-16 23:02:00+00:00,426.185,426.56,426.13,426.44,0
2025-10-16 23:03:00+00:00,426.43,426.62,426.33,426.5,0
2025-10-16 23:04:00+00:00,426.4,426.4619,426.12,426.12,0
2025-10-16 23:05:00+00:00,426.12,426.497,426.12,426.2,0
2025-10-16 23:06:00+00:00,426.34,426.38,426.12,426.12,0
2025-10-16 23:07:00+00:00,426.12,426.19,425.8,425.87,0
2025-10-16 23:08:00+00:00,425.99,426.0,425.8006,425.81,0
2025-10-16 23:09:00+00:00,425.94,426.0,425.8,425.9435,0
2025-10-16 23:10:00+00:00,425.9477,426.4,425.8,426.09,0
2025-10-16 23:11:00+00:00,426.03,426.5,426.0,426.5,0
2025-10-16 23:12:00+00:00,426.41,426.5,426.3463,426.35,0
2025-10-16 23:13:00+00:00,426.36,426.36,426.155,426.2423,0
2025-10-16 23:14:00+00:00,426.25,426.25,425.95,426.07,0
2025-10-16 23:15:00+00:00,426.0799,426.1,425.8,425.95,0
2025-10-16 23:16:00+00:00,425.8,426.045,425.8,425.95,0
2025-10-16 23:17:00+00:00,425.95,426.0,425.8,425.95,0
2025-10-16 23:18:00+00:00,425.95,425.95,425.65,425.65,0
2025-10-16 23:19:00+00:00,425.65,426.22,425.5,426.06,0
2025-10-16 23:20:00+00:00,426.055,426.3,425.8,426.2,0
2025-10-16 23:21:00+00:00,426.2445,426.25,425.88,426.0,0
2025-10-16 23:22:00+00:00,425.8635,426.19,425.84,426.19,0
2025-10-16 23:23:00+00:00,426.19,426.19,425.6,425.85,0
2025-10-16 23:24:00+00:00,425.84,426.0,425.61,425.88,0
2025-10-16 23:25:00+00:00,425.9,426.0,425.765,425.9,0
2025-10-16 23:26:00+00:00,425.8,426.0,425.6,425.7,0
2025-10-16 23:27:00+00:00,425.6,425.8,425.5,425.69,0
2025-10-16 23:28:00+00:00,425.595,425.68,425.48,425.48,0
2025-10-16 23:29:00+00:00,425.48,425.78,425.2033,425.5,0
2025-10-16 23:30:00+00:00,425.59,425.8,425.2198,425.22,0
2025-10-16 23:31:00+00:00,425.48,425.8,425.22,425.678,0
2025-10-16 23:32:00+00:00,425.6,425.8,425.53,425.8,0
2025-10-16 23:33:00+00:00,425.75,425.9,425.66,425.75,0
2025-10-16 23:34:00+00:00,425.8484,425.95,425.75,425.8,0
2025-10-16 23:35:00+00:00,425.8,425.96,425.7,425.7819,0
2025-10-16 23:36:00+00:00,425.7999,425.8,425.6,425.7,0
2025-10-16 23:37:00+00:00,425.67,425.8,425.53,425.6,0
2025-10-16 23:38:00+00:00,425.53,425.7,425.25,425.34,0
2025-10-16 23:39:00+00:00,425.43,425.43,425.16,425.2,0
2025-10-16 23:40:00+00:00,425.2,425.47,425.18,425.23,0
2025-10-16 23:41:00+00:00,425.23,425.64,425.1,425.32,0
2025-10-16 23:42:00+00:00,425.39,425.495,425.11,425.14,0
2025-10-16 23:43:00+00:00,425.14,425.154,424.71,424.87,0
2025-10-16 23:44:00+00:00,424.81,425.0,424.71,424.82,0
2025-10-16 23:45:00+00:00,424.85,425.0,424.75,424.92,0
2025-10-16 23:46:00+00:00,424.92,425.21,424.88,425.14,0
2025-10-16 23:47:00+00:00,425.14,425.34,425.0,425.145,0
2025-10-16 23:48:00+00:00,425.1,425.23,424.84,424.99,0
2025-10-16 23:49:00+00:00,424.84,425.045,424.84,425.0,0
2025-10-16 23:50:00+00:00,424.9,424.99,424.71,424.71,0
2025-10-16 23:51:00+00:00,424.74,425.0,424.71,424.99,0
2025-10-16 23:52:00+00:00,424.9805,425.1,424.811,425.03,0
2025-10-16 23:53:00+00:00,425.12,425.21,424.95,425.0,0
2025-10-16 23:54:00+00:00,425.0003,425.06,424.8,424.99,0
2025-10-16 23:55:00+00:00,424.95,425.0,424.91,424.965,0
2025-10-16 23:56:00+00:00,424.96,425.1,424.96,425.0,0
2025-10-16 23:57:00+00:00,425.08,425.08,425.0,425.0,0
2025-10-16 23:58:00+00:00,425.08,425.2,424.95,425.0,0
2025-10-16 23:59:00+00:00,425.0,425.2,424.9,424.91,0
2025-10-17 08:00:00+00:00,418.63,420.51,418.5,419.02,0
2025-10-17 08:01:00+00:00,419.19,419.64,419.07,419.15,0
2025-10-17 08:02:00+00:00,419.11,419.22,417.75,417.81,0
2025-10-17 08:03:00+00:00,417.83,418.14,416.99,417.23,0
2025-10-17 08:04:00+00:00,417.2,417.2,416.0,416.45,0
2025-10-17 08:05:00+00:00,416.31,416.52,415.53,415.89,0
2025-10-17 08:06:00+00:00,415.94,416.13,415.2,415.81,0
2025-10-17 08:07:00+00:00,415.89,417.97,415.89,417.64,0
2025-10-17 08:08:00+00:00,417.7,417.76,416.65,416.95,0
2025-10-17 08:09:00+00:00,416.83,416.83,415.99,416.14,0
2025-10-17 08:10:00+00:00,416.16,416.58,416.09,416.3,0
2025-10-17 08:11:00+00:00,416.16,416.3,415.62,415.81,0
2025-10-17 08:12:00+00:00,415.97,415.97,415.35,415.8,0
2025-10-17 08:13:00+00:00,415.87,415.87,415.3,415.8,0
2025-10-17 08:14:00+00:00,415.72,415.72,415.15,415.2,0
2025-10-17 08:15:00+00:00,415.2,415.71,415.15,415.44,0
2025-10-17 08:16:00+00:00,415.48,416.64,415.48,416.55,0
2025-10-17 08:17:00+00:00,416.47,416.61,415.65,415.86,0
2025-10-17 08:18:00+00:00,415.87,416.5,415.87,416.25,0
2025-10-17 08:19:00+00:00,416.18,416.19,415.88,416.0,0
2025-10-17 08:20:00+00:00,416.09,416.21,415.6,415.81,0
2025-10-17 08:21:00+00:00,415.68,416.04,415.6,415.87,0
2025-10-17 08:22:00+00:00,415.87,416.1,415.37,415.82,0
2025-10-17 08:23:00+00:00,415.82,416.0,415.5,415.78,0
2025-10-17 08:24:00+00:00,415.78,415.88,415.5,415.51,0
2025-10-17 08:25:00+00:00,415.54,416.0,415.15,415.98,0
2025-10-17 08:26:00+00:00,415.99,416.56,415.81,416.4,0
2025-10-17 08:27:00+00:00,416.44,416.44,415.85,416.01,0
2025-10-17 08:28:00+00:00,416.04,416.41,415.8,416.34,0
2025-10-17 08:29:00+00:00,416.17,416.53,416.04,416.35,0
2025-10-17 08:30:00+00:00,416.39,416.39,415.92,416.19,0
2025-10-17 08:31:00+00:00,416.19,416.4,415.92,416.34,0
2025-10-17 08:32:00+00:00,416.35,416.35,416.13,416.17,0
2025-10-17 08:33:00+00:00,416.12,417.11,416.12,416.65,0
2025-10-17 08:34:00+00:00,416.64,416.85,416.49,416.75,0
2025-10-17 08:35:00+00:00,416.75,417.16,416.68,416.87,0
2025-10-17 08:36:00+00:00,416.94,417.76,416.94,417.65,0
2025-10-17 08:37:00+00:00,417.7,417.7,417.24,417.38,0
2025-10-17 08:38:00+00:00,417.22,417.43,417.1,417.43,0
2025-10-17 08:39:00+00:00,417.29,417.29,416.97,417.0,0
2025-10-17 08:40:00+00:00,417.03,417.33,417.03,417.3,0
2025-10-17 08:41:00+00:00,417.3,417.67,417.3,417.34,0
2025-10-17 08:42:00+00:00,417.34,417.34,417.02,417.02,0
2025-10-17 08:43:00+00:00,417.12,417.47,417.06,417.44,0
2025-10-17 08:44:00+00:00,417.36,417.36,416.98,417.05,0
2025-10-17 08:45:00+00:00,417.22,417.49,416.85,417.35,0
2025-10-17 08:46:00+00:00,417.33,417.33,416.99,417.18,0
2025-10-17 08:47:00+00:00,417.04,417.3,416.85,417.24,0
2025-10-17 08:48:00+00:00,417.25,417.5,416.85,417.5,0
2025-10-17 08:49:00+00:00,417.5,417.7,417.48,417.64,0
2025-10-17 08:50:00+00:00,417.7,417.75,417.45,417.67,0
2025-10-17 08:51:00+00:00,417.6,417.6,417.19,417.22,0
2025-10-17 08:52:00+00:00,417.25,417.43,416.85,416.85,0
2025-10-17 08:53:00+00:00,416.85,417.45,416.84,417.42,0
2025-10-17 08:54:00+00:00,417.34,417.45,417.12,417.12,0
2025-10-17 08:55:00+00:00,417.24,417.36,416.98,417.33,0
2025-10-17 08:56:00+00:00,417.3,417.6,417.23,417.39,0
2025-10-17 08:57:00+00:00,417.4,417.75,417.39,417.73,0
2025-10-17 08:58:00+00:00,417.73,417.81,417.65,417.77,0
2025-10-17 08:59:00+00:00,417.76,417.87,417.7,417.81,0
2025-10-17 09:00:00+00:00,417.8,418.33,417.8,418.08,0
2025-10-17 09:01:00+00:00,418.19,418.28,418.03,418.1,0
2025-10-17 09:02:00+00:00,418.11,418.32,417.75,418.06,0
2025-10-17 09:03:00+00:00,418.02,418.02,417.86,418.0,0
2025-10-17 09:04:00+00:00,417.96,418.0,417.83,418.0,0
2025-10-17 09:05:00+00:00,418.03,418.3,417.9,418.3,0
2025-10-17 09:06:00+00:00,418.35,418.49,418.2,418.4,0
2025-10-17 09:07:00+00:00,418.3,418.42,418.11,418.4,0
2025-10-17 09:08:00+00:00,418.32,418.6,418.3,418.55,0
2025-10-17 09:09:00+00:00,418.6,418.86,418.44,418.44,0
2025-10-17 09:10:00+00:00,418.41,418.76,418.39,418.73,0
2025-10-17 09:11:00+00:00,418.69,418.95,418.6,418.85,0
2025-10-17 09:12:00+00:00,418.85,418.94,418.64,418.94,0
2025-10-17 09:13:00+00:00,418.95,419.46,418.95,419.46,0
2025-10-17 09:14:00+00:00,419.45,419.78,419.26,419.3,0
2025-10-17 09:15:00+00:00,419.34,419.59,419.3,419.48,0
2025-10-17 09:16:00+00:00,419.55,419.63,419.41,419.41,0
2025-10-17 09:17:00+00:00,419.45,419.8,419.45,419.79,0
2025-10-17 09:18:00+00:00,419.78,419.81,419.2,419.28,0
2025-10-17 09:19:00+00:00,419.2,419.4,418.84,418.94,0
2025-10-17 09:20:00+00:00,419.0,419.36,419.0,419.16,0
2025-10-17 09:21:00+00:00,419.28,419.61,419.0,419.61,0
2025-10-17 09:22:00+00:00,419.52,419.72,419.49,419.65,0
2025-10-17 09:23:00+00:00,419.65,419.7,419.42,419.56,0
2025-10-17 09:24:00+00:00,419.5,419.9,419.5,419.8,0
2025-10-17 09:25:00+00:00,419.75,419.98,419.74,419.76,0
2025-10-17 09:26:00+00:00,419.76,419.87,419.22,419.28,0
2025-10-17 09:27:00+00:00,419.43,419.68,419.05,419.4,0
2025-10-17 09:28:00+00:00,419.4,419.4,419.1,419.1,0
2025-10-17 09:29:00+00:00,419.1,419.25,418.83,419.12,0
2025-10-17 09:30:00+00:00,419.15,419.43,419.06,419.1,0
2025-10-17 09:31:00+00:00,419.02,419.35,418.75,419.12,0
2025-10-17 09:32:00+00:00,418.84,419.04,418.63,418.72,0
2025-10-17 09:33:00+00:00,418.96,418.96,418.57,418.76,0
2025-10-17 09:34:00+00:00,418.73,419.01,418.5,419.01,0
2025-10-17 09:35:00+00:00,418.86,419.17,418.86,419.17,0
2025-10-17 09:36:00+00:00,419.23,419.5,419.07,419.5,0
2025-10-17 09:37:00+00:00,419.6,419.99,419.56,419.61,0
2025-10-17 09:38:00+00:00,419.56,419.65,419.45,419.49,0
2025-10-17 09:39:00+00:00,419.5,419.64,419.28,419.64,0
2025-10-17 09:40:00+00:00,419.5,419.64,419.0,419.13,0
2025-10-17 09:41:00+00:00,419.09,419.25,418.7,418.8,0
2025-10-17 09:42:00+00:00,419.0,419.3,418.8,418.81,0
2025-10-17 09:43:00+00:00,418.89,419.29,418.89,419.25,0
2025-10-17 09:44:00+00:00,419.12,419.25,419.12,419.13,0
2025-10-17 09:45:00+00:00,419.24,419.39,419.0,419.26,0
2025-10-17 09:46:00+00:00,419.43,419.43,419.18,419.18,0
2025-10-17 09:47:00+00:00,419.18,419.42,418.96,419.28,0
2025-10-17 09:48:00+00:00,419.45,419.51,419.23,419.24,0
2025-10-17 09:49:00+00:00,419.34,419.34,419.03,419.24,0
2025-10-17 09:50:00+00:00,419.24,419.46,419.24,419.44,0
2025-10-17 09:51:00+00:00,419.46,419.64,419.43,419.55,0
2025-10-17 09:52:00+00:00,419.65,419.8,419.43,419.46,0
2025-10-17 09:53:00+00:00,419.44,419.47,419.22,419.35,0
2025-10-17 09:54:00+00:00,419.4,419.49,419.18,419.19,0
2025-10-17 09:55:00+00:00,419.19,419.52,419.13,419.4,0
2025-10-17 09:56:00+00:00,419.41,419.54,419.2,419.35,0
2025-10-17 09:57:00+00:00,419.35,419.47,419.05,419.28,0
2025-10-17 09:58:00+00:00,419.2,419.25,418.9,418.9,0
2025-10-17 09:59:00+00:00,418.9,419.29,418.75,418.78,0
2025-10-17 10:00:00+00:00,418.9,419.48,418.9,418.92,0
2025-10-17 10:01:00+00:00,419.05,419.29,419.05,419.21,0
2025-10-17 10:02:00+00:00,419.29,419.34,419.29,419.3,0
2025-10-17 10:03:00+00:00,419.28,419.4,419.17,419.2,0
2025-10-17 10:04:00+00:00,419.18,419.22,419.1,419.1,0
2025-10-17 10:05:00+00:00,419.28,419.59,419.28,419.59,0
2025-10-17 10:06:00+00:00,419.5,419.58,419.27,419.4,0
2025-10-17 10:07:00+00:00,419.4,419.41,419.2,419.27,0
2025-10-17 10:08:00+00:00,419.3,419.55,419.3,419.52,0
2025-10-17 10:09:00+00:00,419.27,419.35,419.11,419.11,0
2025-10-17 10:10:00+00:00,419.15,419.38,418.96,419.32,0
2025-10-17 10:11:00+00:00,419.15,419.16,418.86,419.06,0
2025-10-17 10:12:00+00:00,419.0,419.22,418.85,418.87,0
2025-10-17 10:13:00+00:00,418.86,418.86,418.57,418.62,0
2025-10-17 10:14:00+00:00,418.62,418.9,418.41,418.8,0
2025-10-17 10:15:00+00:00,418.85,418.85,418.44,418.44,0
2025-10-17 10:16:00+00:00,418.4,418.51,418.15,418.49,0
2025-10-17 10:17:00+00:00,418.48,418.57,418.1,418.2,0
2025-10-17 10:18:00+00:00,418.2,418.63,417.96,418.58,0
2025-10-17 10:19:00+00:00,418.3,418.68,418.19,418.5,0
2025-10-17 10:20:00+00:00,418.5,418.5,418.35,418.41,0
2025-10-17 10:21:00+00:00,418.36,418.4,418.14,418.4,0
2025-10-17 10:22:00+00:00,418.24,418.24,418.05,418.19,0
2025-10-17 10:23:00+00:00,418.11,418.11,417.5,417.72,0
2025-10-17 10:24:00+00:00,417.53,418.14,417.52,417.7,0
2025-10-17 10:25:00+00:00,417.81,417.85,417.63,417.8,0
2025-10-17 10:26:00+00:00,417.79,417.93,417.74,417.74,0
2025-10-17 10:27:00+00:00,417.78,418.3,417.39,418.3,0
2025-10-17 10:28:00+00:00,418.23,418.41,418.08,418.25,0
2025-10-17 10:29:00+00:00,418.36,418.36,417.96,417.96,0
2025-10-17 10:30:00+00:00,418.3,418.86,418.3,418.86,0
2025-10-17 10:31:00+00:00,418.85,419.29,418.75,419.04,0
2025-10-17 10:32:00+00:00,418.93,418.93,418.63,418.8,0
2025-10-17 10:33:00+00:00,418.8,419.09,418.8,418.99,0
2025-10-17 10:34:00+00:00,418.99,419.13,418.78,419.13,0
2025-10-17 10:35:00+00:00,419.13,419.3,419.13,419.22,0
2025-10-17 10:36:00+00:00,419.23,419.43,419.0,419.38,0
2025-10-17 10:37:00+00:00,419.44,419.5,419.34,419.34,0
2025-10-17 10:38:00+00:00,419.35,419.62,419.25,419.45,0
2025-10-17 10:39:00+00:00,419.49,419.72,419.45,419.7,0
2025-10-17 10:40:00+00:00,419.73,419.83,419.38,419.44,0
2025-10-17 10:41:00+00:00,419.29,419.42,419.2,419.42,0
2025-10-17 10:42:00+00:00,419.4,419.4,419.15,419.15,0
2025-10-17 10:43:00+00:00,419.18,419.35,419.18,419.35,0
2025-10-17 10:44:00+00:00,419.62,419.8,419.37,419.37,0
2025-10-17 10:45:00+00:00,419.52,419.9,419.41,419.7,0
2025-10-17 10:46:00+00:00,419.87,419.89,419.6,419.62,0
2025-10-17 10:47:00+00:00,419.72,419.75,419.4,419.72,0
2025-10-17 10:48:00+00:00,419.72,419.72,419.15,419.15,0
2025-10-17 10:49:00+00:00,419.32,419.62,419.32,419.49,0
2025-10-17 10:50:00+00:00,419.39,419.4,418.98,418.98,0
2025-10-17 10:51:00+00:00,419.11,419.46,419.08,419.46,0
2025-10-17 10:52:00+00:00,419.46,419.62,419.35,419.62,0
2025-10-17 10:53:00+00:00,419.64,420.08,419.57,420.05,0
2025-10-17 10:54:00+00:00,420.08,420.8,420.01,420.6,0
2025-10-17 10:55:00+00:00,420.6,420.85,420.43,420.85,0
2025-10-17 10:56:00+00:00,420.75,421.2,420.6,421.2,0
2025-10-17 10:57:00+00:00,421.22,421.45,421.09,421.22,0
2025-10-17 10:58:00+00:00,421.3,421.5,421.26,421.26,0
2025-10-17 10:59:00+00:00,421.25,421.26,421.08,421.2,0
2025-10-17 11:00:00+00:00,421.19,421.86,421.13,421.86,0
2025-10-17 11:01:00+00:00,421.85,422.27,421.69,421.69,0
2025-10-17 11:02:00+00:00,421.78,422.44,421.78,422.37,0
2025-10-17 11:03:00+00:00,422.4,422.49,422.1,422.32,0
2025-10-17 11:04:00+00:00,422.17,422.44,422.0,422.1,0
2025-10-17 11:05:00+00:00,422.16,422.38,422.11,422.23,0
2025-10-17 11:06:00+00:00,422.16,422.2,421.79,421.89,0
2025-10-17 11:07:00+00:00,421.88,422.21,421.68,422.21,0
2025-10-17 11:08:00+00:00,422.14,422.22,422.09,422.13,0
2025-10-17 11:09:00+00:00,422.17,424.46,422.17,423.71,0
2025-10-17 11:10:00+00:00,423.51,423.61,422.8,423.35,0
2025-10-17 11:11:00+00:00,423.29,423.71,423.23,423.65,0
2025-10-17 11:12:00+00:00,423.72,424.75,423.67,424.43,0
2025-10-17 11:13:00+00:00,424.4,425.69,424.0,425.5,0
2025-10-17 11:14:00+00:00,425.33,425.49,424.76,425.16,0
2025-10-17 11:15:00+00:00,425.16,425.2,424.32,424.32,0
2025-10-17 11:16:00+00:00,424.36,424.45,424.03,424.25,0
2025-10-17 11:17:00+00:00,424.25,424.39,423.93,423.93,0
2025-10-17 11:18:00+00:00,424.0,424.57,423.9,424.5,0
2025-10-17 11:19:00+00:00,424.52,424.66,424.24,424.35,0
2025-10-17 11:20:00+00:00,424.36,424.75,424.18,424.61,0
2025-10-17 11:21:00+00:00,424.69,424.75,424.08,424.14,0
2025-10-17 11:22:00+00:00,424.21,424.29,424.06,424.13,0
2025-10-17 11:23:00+00:00,424.2,424.57,424.2,424.35,0
2025-10-17 11:24:00+00:00,424.5,424.94,424.49,424.94,0
2025-10-17 11:25:00+00:00,424.91,425.9,424.91,425.27,0
2025-10-17 11:26:00+00:00,425.11,425.2,424.98,425.2,0
2025-10-17 11:27:00+00:00,425.2,425.2,424.94,425.0,0
2025-10-17 11:28:00+00:00,424.9,425.19,424.74,425.18,0
2025-10-17 11:29:00+00:00,425.18,425.44,425.08,425.17,0
2025-10-17 11:30:00+00:00,425.17,425.31,424.7,424.75,0
2025-10-17 11:31:00+00:00,424.91,425.04,424.75,424.75,0
2025-10-17 11:32:00+00:00,424.77,425.2,424.77,425.03,0
2025-10-17 11:33:00+00:00,425.03,425.03,424.76,424.86,0
2025-10-17 11:34:00+00:00,424.86,424.86,424.7,424.75,0
2025-10-17 11:35:00+00:00,424.75,424.75,424.5,424.5,0
2025-10-17 11:36:00+00:00,424.59,424.95,424.52,424.77,0
2025-10-17 11:37:00+00:00,424.63,424.69,424.57,424.67,0
2025-10-17 11:38:00+00:00,424.55,424.61,424.52,424.6,0
2025-10-17 11:39:00+00:00,424.58,424.8,424.5,424.74,0
2025-10-17 11:40:00+00:00,424.74,424.8,424.53,424.53,0
2025-10-17 11:41:00+00:00,424.62,424.95,424.59,424.95,0
2025-10-17 11:42:00+00:00,425.0,425.49,425.0,425.37,0
2025-10-17 11:43:00+00:00,425.37,425.4,425.25,425.35,0
2025-10-17 11:44:00+00:00,425.24,425.6,425.0,425.39,0
2025-10-17 11:45:00+00:00,425.25,425.32,424.9,424.9,0
2025-10-17 11:46:00+00:00,425.0,425.02,424.9,424.9,0
2025-10-17 11:47:00+00:00,424.93,425.35,424.9,425.35,0
2025-10-17 11:48:00+00:00,425.3,425.37,425.0,425.3,0
2025-10-17 11:49:00+00:00,425.3,425.4,425.28,425.28,0
2025-10-17 11:50:00+00:00,425.2,425.2,425.08,425.08,0
2025-10-17 11:51:00+00:00,425.16,425.16,425.0,425.03,0
2025-10-17 11:52:00+00:00,425.0,425.0,424.51,424.8,0
2025-10-17 11:53:00+00:00,424.67,424.78,424.56,424.62,0
2025-10-17 11:54:00+00:00,424.6,425.0,424.57,425.0,0
2025-10-17 11:55:00+00:00,424.91,425.24,424.91,425.19,0
2025-10-17 11:56:00+00:00,425.1,425.24,425.07,425.2,0
2025-10-17 11:57:00+00:00,425.13,425.18,424.9,425.0,0
2025-10-17 11:58:00+00:00,425.07,425.35,425.0,425.1,0
2025-10-17 11:59:00+00:00,425.26,426.06,425.2,426.06,0
2025-10-17 12:00:00+00:00,426.06,426.16,415.13,425.405,0
2025-10-17 12:01:00+00:00,418.99,425.68,417.31,425.5,0
2025-10-17 12:02:00+00:00,418.7303,425.8918,417.0,425.825,0
2025-10-17 12:03:00+00:00,425.85,425.89,417.14,425.5,0
2025-10-17 12:04:00+00:00,425.29,425.87,424.51,425.19,0
2025-10-17 12:05:00+00:00,425.1,428.75,425.0,425.5,0
2025-10-17 12:06:00+00:00,425.56,426.2,425.4,426.16,0
2025-10-17 12:07:00+00:00,426.0,426.64,426.0,426.4813,0
2025-10-17 12:08:00+00:00,426.52,427.0,426.22,426.9999,0
2025-10-17 12:09:00+00:00,426.9,427.44,426.7,427.418,0
2025-10-17 12:10:00+00:00,427.3992,427.6,427.07,427.39,0
2025-10-17 12:11:00+00:00,427.2,427.39,426.88,427.3,0
2025-10-17 12:12:00+00:00,427.1,427.2949,426.54,426.8,0
2025-10-17 12:13:00+00:00,426.67,426.75,426.1,426.39,0
2025-10-17 12:14:00+00:00,426.39,426.8,426.07,426.55,0
2025-10-17 12:15:00+00:00,426.66,426.85,426.55,426.7,0
2025-10-17 12:16:00+00:00,426.7,426.81,426.21,426.445,0
2025-10-17 12:17:00+00:00,426.39,426.6,426.03,426.03,0
2025-10-17 12:18:00+00:00,426.2,426.45,426.03,426.28,0
2025-10-17 12:19:00+00:00,426.33,426.5,426.12,426.44,0
2025-10-17 12:20:00+00:00,426.38,426.5901,426.3,426.5,0
2025-10-17 12:21:00+00:00,426.5,426.64,426.35,426.5684,0
2025-10-17 12:22:00+00:00,426.7,427.25,426.5462,426.83,0
2025-10-17 12:23:00+00:00,426.856,427.07,426.73,427.05,0
2025-10-17 12:24:00+00:00,426.94,427.07,426.8,426.83,0
2025-10-17 12:25:00+00:00,426.9762,427.0,426.4,426.5,0
2025-10-17 12:26:00+00:00,426.4985,426.5,425.4401,425.4417,0
2025-10-17 12:27:00+00:00,425.4401,426.21,425.4401,426.04,0
2025-10-17 12:28:00+00:00,426.185,426.4,426.0,426.21,0
2025-10-17 12:29:00+00:00,426.17,426.3,426.08,426.1,0
2025-10-17 12:30:00+00:00,426.1991,426.4,426.08,426.25,0
2025-10-17 12:31:00+00:00,426.19,426.32,425.94,426.06,0
2025-10-17 12:32:00+00:00,426.05,426.05,425.57,425.73,0
2025-10-17 12:33:00+00:00,425.87,426.19,425.73,425.94,0
2025-10-17 12:34:00+00:00,425.81,425.91,425.5,425.6033,0
2025-10-17 12:35:00+00:00,425.6,426.0,425.6,426.0,0
2025-10-17 12:36:00+00:00,425.84,426.22,425.79,426.14,0
2025-10-17 12:37:00+00:00,426.24,426.48,426.02,426.38,0
2025-10-17 12:38:00+00:00,426.39,426.63,426.1834,426.32,0
2025-10-17 12:39:00+00:00,426.43,426.74,426.3,426.59,0
2025-10-17 12:40:00+00:00,426.36,426.57,426.2,426.29,0
2025-10-17 12:41:00+00:00,426.17,426.29,425.79,425.94,0
2025-10-17 12:42:00+00:00,425.96,426.05,425.7,425.7992,0
2025-10-17 12:43:00+00:00,425.75,426.0,425.68,425.8075,0
2025-10-17 12:44:00+00:00,425.915,426.0,425.72,425.8896,0
2025-10-17 12:45:00+00:00,425.7,426.25,425.7,426.02,0
2025-10-17 12:46:00+00:00,426.0474,426.24,425.7538,426.16,0
2025-10-17 12:47:00+00:00,426.1401,426.21,425.81,425.8511,0
2025-10-17 12:48:00+00:00,425.93,426.236,425.81,426.0,0
2025-10-17 12:49:00+00:00,426.06,426.25,426.0,426.16,0
2025-10-17 12:50:00+00:00,426.1583,426.33,426.0,426.33,0
2025-10-17 12:51:00+00:00,426.17,426.29,425.7,425.792,0
2025-10-17 12:52:00+00:00,425.95,425.95,425.5,425.7,0
2025-10-17 12:53:00+00:00,425.7,425.75,425.25,425.25,0
2025-10-17 12:54:00+00:00,425.41,425.8,425.26,425.75,0
2025-10-17 12:55:00+00:00,425.73,425.95,425.63,425.84,0
2025-10-17 12:56:00+00:00,425.66,425.81,425.48,425.55,0
2025-10-17 12:57:00+00:00,425.545,425.6029,425.25,425.39,0
2025-10-17 12:58:00+00:00,425.33,425.36,425.0,425.0,0
2025-10-17 12:59:00+00:00,425.0,425.3499,425.0,425.04,0
2025-10-17 13:00:00+00:00,425.04,425.6119,425.0,425.4426,0
2025-10-17 13:01:00+00:00,425.5,425.61,425.3,425.4,0
2025-10-17 13:02:00+00:00,425.4,425.41,425.2,425.22,0
2025-10-17 13:03:00+00:00,425.38,425.56,425.22,425.56,0
2025-10-17 13:04:00+00:00,425.47,425.7,425.33,425.62,0
2025-10-17 13:05:00+00:00,425.62,425.8,425.57,425.78,0
2025-10-17 13:06:00+00:00,425.78,425.85,425.57,425.6903,0
2025-10-17 13:07:00+00:00,425.69,425.92,425.59,425.61,0
2025-10-17 13:08:00+00:00,425.65,426.17,425.59,426.0,0
2025-10-17 13:09:00+00:00,426.14,428.75,425.87,426.15,0
2025-10-17 13:10:00+00:00,426.1,426.3,426.01,426.2,0
2025-10-17 13:11:00+00:00,426.1,426.3,426.01,426.04,0
2025-10-17 13:12:00+00:00,426.12,426.29,426.02,426.2,0
2025-10-17 13:13:00+00:00,426.24,426.265,425.92,426.02,0
2025-10-17 13:14:00+00:00,426.0,426.04,425.1,425.25,0
2025-10-17 13:15:00+00:00,425.2,425.4,425.0,425.0,0
2025-10-17 13:16:00+00:00,425.08,425.3674,425.01,425.1975,0
2025-10-17 13:17:00+00:00,425.24,425.61,425.11,425.3321,0
2025-10-17 13:18:00+00:00,425.41,425.69,425.26,425.56,0
2025-10-17 13:19:00+00:00,425.56,425.65,425.42,425.56,0
2025-10-17 13:20:00+00:00,425.56,425.65,425.49,425.63,0
2025-10-17 13:21:00+00:00,425.65,425.7,425.06,425.4476,0
2025-10-17 13:22:00+00:00,425.46,425.7,425.07,425.4405,0
2025-10-17 13:23:00+00:00,425.6899,425.71,425.4403,425.6,0
2025-10-17 13:24:00+00:00,425.6457,425.95,425.56,425.85,0
2025-10-17 13:25:00+00:00,425.79,426.0,425.0,425.4,0
2025-10-17 13:26:00+00:00,425.25,425.7337,425.02,425.1762,0
2025-10-17 13:27:00+00:00,425.1,425.22,424.05,424.1386,0
2025-10-17 13:28:00+00:00,424.2,425.7,424.0917,425.6,0
2025-10-17 13:29:00+00:00,425.62,426.0,425.5,425.93,0
2025-10-17 13:30:00+00:00,425.5,427.20001220703125,423.6000061035156,424.8399963378906,2669256
2025-10-17 13:31:00+00:00,424.9580078125,426.8299865722656,424.7699890136719,425.5653991699219,220216
2025-10-17 13:34:00+00:00,427.4823913574219,429.4898986816406,427.0101013183594,428.4294128417969,3040352
2025-10-17 13:35:00+00:00,428.4849853515625,429.0199890136719,427.70001220703125,428.760009765625,313567
2025-10-17 13:36:00+00:00,428.75,429.0,428.0,428.68499755859375,274415
2025-10-17 13:37:00+00:00,428.71600341796875,430.0899963378906,428.71600341796875,429.7699890136719,543517
2025-10-17 13:38:00+00:00,429.7842102050781,430.0,428.70001220703125,428.82000732421875,306566
2025-10-17 13:39:00+00:00,428.8868103027344,429.07000732421875,427.6600036621094,428.1400146484375,359303
2025-10-17 13:40:00+00:00,428.2900085449219,428.9999084472656,426.739990234375,427.3699951171875,342248
2025-10-17 13:41:00+00:00,427.55999755859375,428.29998779296875,427.3450012207031,427.56500244140625,251323
2025-10-17 13:42:00+00:00,427.55999755859375,428.2699890136719,427.2699890136719,427.9661865234375,239056
2025-10-17 13:43:00+00:00,427.9800109863281,428.0599060058594,426.75,426.8399963378906,234098
2025-10-17 13:44:00+00:00,426.8399963378906,427.2499084472656,425.5,426.5199890136719,344856
2025-10-17 13:45:00+00:00,426.57720947265625,427.6499938964844,426.110107421875,427.0459899902344,271737
2025-10-17 13:46:00+00:00,427.07000732421875,428.2099914550781,426.35009765625,428.20001220703125,270544
2025-10-17 13:47:00+00:00,428.1236877441406,428.3599853515625,426.5010070800781,426.8299865722656,272680
2025-10-17 13:48:00+00:00,426.92999267578125,429.0299987792969,426.5400085449219,428.8869934082031,310349
2025-10-17 13:49:00+00:00,429.0299072265625,429.1400146484375,427.8550109863281,427.92498779296875,468395
2025-10-17 13:50:00+00:00,427.9512023925781,429.6099853515625,427.86968994140625,429.3240051269531,593898
2025-10-17 13:51:00+00:00,429.3399963378906,431.1000061035156,429.1000061035156,430.9800109863281,511476
2025-10-17 13:52:00+00:00,430.9599914550781,432.3999938964844,430.6400146484375,432.18499755859375,574943
2025-10-17 13:53:00+00:00,432.0,433.10198974609375,431.94000244140625,432.4800109863281,624471
2025-10-17 13:54:00+00:00,432.5,433.0,431.9200134277344,432.2878112792969,336412
2025-10-17 13:55:00+00:00,432.2799987792969,433.57080078125,432.1499938964844,433.0346984863281,435502
2025-10-17 13:56:00+00:00,433.07000732421875,434.0799865722656,433.0400085449219,434.010009765625,446029
2025-10-17 13:57:00+00:00,434.0159912109375,434.07000732421875,433.0400085449219,433.79998779296875,334008
2025-10-17 13:58:00+00:00,433.79998779296875,434.1499938964844,432.7601013183594,433.4200134277344,400860
2025-10-17 13:59:00+00:00,433.4549865722656,433.4599914550781,432.45001220703125,432.9200134277344,289665
2025-10-17 14:00:00+00:00,432.8599853515625,433.20001220703125,431.1499938964844,431.6557922363281,421558
2025-10-17 14:01:00+00:00,431.7200012207031,432.70001220703125,431.4949951171875,432.6619873046875,314011
2025-10-17 14:02:00+00:00,432.67999267578125,434.1700134277344,432.5899963378906,433.6034851074219,427448
2025-10-17 14:03:00+00:00,433.5950012207031,433.6600036621094,432.67999267578125,433.0538024902344,200589
2025-10-17 14:04:00+00:00,433.1000061035156,433.6300048828125,431.9419860839844,431.9419860839844,279852
2025-10-17 14:05:00+00:00,432.0032958984375,433.57989501953125,431.95001220703125,433.375,168486
2025-10-17 14:06:00+00:00,433.3500061035156,434.5199890136719,433.2601013183594,434.4649963378906,383868
2025-10-17 14:07:00+00:00,434.4649963378906,434.5199890136719,433.53009033203125,433.760009765625,247475
2025-10-17 14:08:00+00:00,433.6499938964844,434.3299865722656,433.25,434.1549987792969,241985
2025-10-17 14:09:00+00:00,434.1199951171875,434.30999755859375,433.45001220703125,433.65008544921875,176291
2025-10-17 14:10:00+00:00,433.739990234375,434.0299987792969,433.3299865722656,433.6600036621094,221294
2025-10-17 14:11:00+00:00,433.79998779296875,435.6307067871094,433.7300109863281,435.4649963378906,648661
2025-10-17 14:12:00+00:00,435.5,436.1099853515625,435.2001037597656,436.04998779296875,555029
2025-10-17 14:13:00+00:00,436.04998779296875,437.1700134277344,435.8299865722656,436.739990234375,487516
2025-10-17 14:14:00+00:00,436.7099914550781,437.1300048828125,436.30999755859375,436.80999755859375,332058
2025-10-17 14:15:00+00:00,436.82501220703125,437.82989501953125,436.7900085449219,437.7300109863281,420496
2025-10-17 14:16:00+00:00,437.67999267578125,438.3500061035156,437.3699951171875,438.32861328125,552338
2025-10-17 14:17:00+00:00,438.3299865722656,438.9200134277344,437.9100036621094,438.3999938964844,599982
2025-10-17 14:18:00+00:00,438.45849609375,438.869384765625,438.0412902832031,438.44000244140625,395544
2025-10-17 14:19:00+00:00,438.4350891113281,439.2200012207031,438.3500061035156,439.07000732421875,529846
2025-10-17 14:20:00+00:00,439.1400146484375,440.4198913574219,438.7300109863281,440.07989501953125,1027843
2025-10-17 14:21:00+00:00,440.0325012207031,440.2300109863281,438.0,439.2900085449219,727525
2025-10-17 14:22:00+00:00,439.30999755859375,440.6499938964844,439.2200012207031,439.9639892578125,607795
2025-10-17 14:23:00+00:00,439.94000244140625,440.29998779296875,438.85009765625,439.6650085449219,400097
2025-10-17 14:24:00+00:00,439.6000061035156,440.75,438.80999755859375,438.8500061035156,503277
2025-10-17 14:25:00+00:00,438.8599853515625,439.3599853515625,437.82000732421875,438.0299987792969,366014
2025-10-17 14:26:00+00:00,437.9700012207031,438.7900085449219,437.9700012207031,438.3900146484375,239631
2025-10-17 14:27:00+00:00,438.3800048828125,439.25,438.0199890136719,438.67999267578125,302728
2025-10-17 14:28:00+00:00,438.7300109863281,439.0,438.0000915527344,438.94000244140625,235755
2025-10-17 14:29:00+00:00,438.89910888671875,439.3999938964844,438.6000061035156,439.1549987792969,215784
2025-10-17 14:30:00+00:00,439.1600036621094,439.3699951171875,437.3800048828125,437.57000732421875,350141
2025-10-17 14:31:00+00:00,437.57000732421875,437.639892578125,436.70001220703125,437.17999267578125,476124
2025-10-17 14:32:00+00:00,437.2300109863281,437.3399963378906,436.1199951171875,436.51800537109375,332140
2025-10-17 14:33:00+00:00,436.5270080566406,437.0,436.1000061035156,436.9137878417969,224170
2025-10-17 14:34:00+00:00,436.9700012207031,437.5,436.6413879394531,436.9649963378906,304275
2025-10-17 14:35:00+00:00,436.9700012207031,437.1300048828125,435.8999938964844,436.2500915527344,324134
2025-10-17 14:36:00+00:00,436.39990234375,436.39990234375,435.3299865722656,435.3299865722656,288363
2025-10-17 14:37:00+00:00,435.44000244140625,436.21990966796875,435.25,435.697998046875,269643
2025-10-17 14:38:00+00:00,435.7200012207031,435.79998779296875,435.05999755859375,435.3700866699219,228776
2025-10-17 14:39:00+00:00,435.5,436.3598937988281,435.1200866699219,435.3949890136719,277597
2025-10-17 14:40:00+00:00,435.3299865722656,436.3999938964844,434.8500061035156,434.9519958496094,306476
2025-10-17 14:41:00+00:00,434.9599914550781,435.58990478515625,434.7799987792969,435.5150146484375,223510
2025-10-17 14:42:00+00:00,435.5248107910156,436.7900085449219,435.1099853515625,436.6929931640625,300913
2025-10-17 14:43:00+00:00,436.6400146484375,438.1400146484375,436.6400146484375,437.68499755859375,396654
2025-10-17 14:44:00+00:00,437.6307067871094,437.7900085449219,435.7701110839844,435.9599914550781,278916
2025-10-17 14:45:00+00:00,435.92498779296875,436.089599609375,435.0,436.04998779296875,228654
2025-10-17 14:46:00+00:00,436.04998779296875,437.69879150390625,436.0,436.70001220703125,319222
2025-10-17 14:47:00+00:00,436.6700134277344,437.71990966796875,436.5,437.6689147949219,219871
2025-10-17 14:48:00+00:00,437.5899963378906,438.2699890136719,437.42999267578125,438.1000061035156,252170
2025-10-17 14:49:00+00:00,438.0849914550781,438.8299865722656,437.8301086425781,438.0098876953125,254626
2025-10-17 14:50:00+00:00,437.93499755859375,438.5567932128906,437.70001220703125,438.30950927734375,185897
2025-10-17 14:51:00+00:00,438.3200988769531,438.3399963378906,436.739990234375,437.7900085449219,458256
2025-10-17 14:52:00+00:00,437.8299865722656,437.9200134277344,437.0,437.1000061035156,139513
2025-10-17 14:53:00+00:00,437.1000061035156,437.8999938964844,436.8500061035156,437.2699890136719,193147
2025-10-17 14:54:00+00:00,437.3599853515625,437.4200134277344,436.6235046386719,436.8106994628906,124575
2025-10-17 14:55:00+00:00,436.8900146484375,436.8900146484375,435.6351013183594,435.6351013183594,246019
2025-10-17 14:56:00+00:00,435.6600036621094,435.80999755859375,434.6099853515625,435.0638122558594,265519
2025-10-17 14:57:00+00:00,435.1730041503906,435.2200012207031,434.260009765625,434.42999267578125,218313
2025-10-17 14:58:00+00:00,434.42401123046875,434.5299987792969,433.8599853515625,433.95001220703125,296344
2025-10-17 14:59:00+00:00,434.0,434.29998779296875,433.8999938964844,434.0169982910156,184288
2025-10-17 15:00:00+00:00,433.9599914550781,434.59991455078125,433.7200012207031,434.20001220703125,234585
2025-10-17 15:01:00+00:00,434.239990234375,435.3500061035156,434.0,434.1000061035156,282910
2025-10-17 15:02:00+00:00,434.114013671875,435.31988525390625,434.1099853515625,435.260009765625,152106
2025-10-17 15:03:00+00:00,435.20001220703125,436.0,434.79998779296875,434.93499755859375,286279
2025-10-17 15:04:00+00:00,435.1098937988281,435.5,434.94000244140625,435.39990234375,113170
2025-10-17 15:05:00+00:00,435.3599853515625,435.84991455078125,434.7401123046875,435.68609619140625,151391
2025-10-17 15:06:00+00:00,435.6700134277344,436.29998779296875,435.2699890136719,436.1650085449219,175957
2025-10-17 15:07:00+00:00,436.1499938964844,436.54998779296875,435.7001037597656,436.0050048828125,180190
2025-10-17 15:08:00+00:00,435.94500732421875,436.0,435.23028564453125,435.489990234375,121717
2025-10-17 15:09:00+00:00,435.6300048828125,435.75,435.05999755859375,435.05999755859375,111583
2025-10-17 15:10:00+00:00,435.04998779296875,435.7998962402344,434.79998779296875,434.8550109863281,157139
2025-10-17 15:11:00+00:00,434.8500061035156,434.93701171875,433.6199951171875,433.7123107910156,267924
2025-10-17 15:12:00+00:00,433.7698974609375,434.05999755859375,433.3699951171875,433.6814880371094,596861
2025-10-17 15:13:00+00:00,433.75,433.9100036621094,433.5000915527344,433.6498107910156,133667
2025-10-17 15:14:00+00:00,433.6700134277344,434.3290100097656,433.6199951171875,433.864990234375,149378
2025-10-17 15:15:00+00:00,433.8550109863281,434.5299987792969,433.65008544921875,433.840087890625,178863
2025-10-17 15:16:00+00:00,433.8699951171875,434.57000732421875,433.73760986328125,434.45001220703125,112442
2025-10-17 15:17:00+00:00,434.3599853515625,435.1899108886719,434.2900085449219,434.5899963378906,168749
2025-10-17 15:18:00+00:00,434.68798828125,435.0,433.42999267578125,433.9024963378906,192281
2025-10-17 15:19:00+00:00,433.8800048828125,434.0498962402344,432.79998779296875,432.8472900390625,351248
2025-10-17 15:20:00+00:00,432.8299865722656,433.4100036621094,432.55999755859375,432.8175048828125,297664
2025-10-17 15:21:00+00:00,432.9599914550781,433.0498962402344,431.9100036621094,432.0932922363281,278994
2025-10-17 15:22:00+00:00,432.0299987792969,432.5,431.92999267578125,432.0768127441406,174577
2025-10-17 15:23:00+00:00,432.07501220703125,432.2298889160156,431.6600036621094,431.7301025390625,157539
2025-10-17 15:24:00+00:00,431.79998779296875,432.260009765625,431.55010986328125,431.7099914550781,226189
2025-10-17 15:25:00+00:00,431.79998779296875,432.4200134277344,431.3395080566406,432.0244140625,229121
2025-10-17 15:26:00+00:00,432.01800537109375,433.2213134765625,432.01800537109375,433.1300964355469,253202
2025-10-17 15:27:00+00:00,433.1700134277344,433.5,432.6000061035156,432.93011474609375,160881
2025-10-17 15:28:00+00:00,433.0,433.2900085449219,432.70001220703125,432.8337097167969,117886
2025-10-17 15:29:00+00:00,432.8299865722656,433.7398986816406,432.7200012207031,433.2434997558594,172371
2025-10-17 15:30:00+00:00,433.3599853515625,434.0899963378906,433.1900939941406,433.7099914550781,199827
2025-10-17 15:31:00+00:00,433.7319030761719,433.7900085449219,432.80999755859375,432.80999755859375,154993
2025-10-17 15:32:00+00:00,432.864990234375,433.57000732421875,432.70001220703125,433.1449890136719,121517
2025-10-17 15:33:00+00:00,433.1820068359375,433.25,432.35009765625,432.3700866699219,154013
2025-10-17 15:34:00+00:00,432.4800109863281,432.80999755859375,432.20001220703125,432.4049987792969,114964
2025-10-17 15:35:00+00:00,432.4800109863281,432.7699890136719,431.82000732421875,431.8500061035156,187355
2025-10-17 15:36:00+00:00,431.79998779296875,432.1600036621094,430.80999755859375,430.99200439453125,280210
2025-10-17 15:37:00+00:00,431.0400085449219,432.4399108886719,431.0400085449219,432.375,242698
2025-10-17 15:38:00+00:00,432.4200134277344,432.510009765625,431.2001037597656,431.8288879394531,178737
2025-10-17 15:39:00+00:00,431.80499267578125,433.19000244140625,431.590087890625,433.07000732421875,188367
2025-10-17 15:40:00+00:00,433.0639953613281,434.0899963378906,432.9599914550781,433.57000732421875,242989
2025-10-17 15:41:00+00:00,433.5340881347656,433.7598876953125,433.0,433.2200012207031,122726
2025-10-17 15:42:00+00:00,433.32000732421875,433.8800048828125,433.239990234375,433.8219909667969,94325
2025-10-17 15:43:00+00:00,433.8428955078125,434.3399963378906,433.65008544921875,434.1099853515625,227506
2025-10-17 15:44:00+00:00,434.1080017089844,435.1000061035156,434.05999755859375,434.82501220703125,270980
2025-10-17 15:45:00+00:00,434.80999755859375,435.0,434.4100036621094,434.864990234375,168849
2025-10-17 15:46:00+00:00,434.7900085449219,435.20001220703125,434.7799987792969,434.9700927734375,161374
2025-10-17 15:47:00+00:00,434.9700012207031,434.9999084472656,434.1839904785156,434.3699951171875,152253
2025-10-17 15:48:00+00:00,434.3699951171875,435.4798889160156,434.19000244140625,435.3999938964844,203297
2025-10-17 15:49:00+00:00,435.3500061035156,435.739990234375,435.0400085449219,435.1000061035156,182482
2025-10-17 15:50:00+00:00,435.1199951171875,435.7099914550781,434.7101135253906,435.2345886230469,166010
2025-10-17 15:51:00+00:00,435.1199951171875,435.59991455078125,434.7300109863281,435.1099853515625,129308
2025-10-17 15:52:00+00:00,435.0700988769531,435.75,434.9320068359375,435.7019958496094,136669
2025-10-17 15:53:00+00:00,435.7049865722656,436.3999938964844,435.52398681640625,436.0899963378906,242169
2025-10-17 15:54:00+00:00,436.1274108886719,436.1698913574219,435.7200927734375,435.8599853515625,145655
2025-10-17 15:55:00+00:00,435.82000732421875,436.3299865722656,435.6499938964844,435.7760009765625,139981
2025-10-17 15:56:00+00:00,435.7539978027344,436.19000244140625,435.55010986328125,436.1199951171875,120321
2025-10-17 15:57:00+00:00,436.0899963378906,436.17999267578125,435.6099853515625,435.7449951171875,122961
2025-10-17 15:58:00+00:00,435.7449951171875,436.29998779296875,435.70001220703125,436.29998779296875,124379
2025-10-17 15:59:00+00:00,436.2860107421875,436.5,435.1199951171875,435.3760986328125,234975
2025-10-17 16:00:00+00:00,435.29010009765625,435.8699951171875,435.1619873046875,435.7799987792969,139147
2025-10-17 16:01:00+00:00,435.8244934082031,436.3599853515625,435.57000732421875,436.2601013183594,114217
2025-10-17 16:02:00+00:00,436.30670166015625,437.0,436.3009948730469,436.97198486328125,257746
2025-10-17 16:03:00+00:00,436.94000244140625,437.74920654296875,436.94000244140625,437.6953125,239495
2025-10-17 16:04:00+00:00,437.69000244140625,437.8999938964844,437.2300109863281,437.5799865722656,207899
2025-10-17 16:05:00+00:00,437.5683898925781,437.7699890136719,437.1000061035156,437.2659912109375,111763
2025-10-17 16:06:00+00:00,437.8399963378906,438.1600036621094,437.6629943847656,438.0,288992
2025-10-17 16:07:00+00:00,437.989990234375,438.5198974609375,437.8800048828125,438.1593017578125,227048
2025-10-17 16:08:00+00:00,438.1401062011719,438.3500061035156,437.6099853515625,437.9200134277344,131569
2025-10-17 16:09:00+00:00,437.8900146484375,438.19000244140625,437.7773132324219,438.11029052734375,123565
2025-10-17 16:10:00+00:00,438.1099853515625,438.1099853515625,437.3999938964844,437.4649963378906,161633
2025-10-17 16:11:00+00:00,437.4549865722656,437.5199890136719,436.8999938964844,437.3299865722656,231293
2025-10-17 16:12:00+00:00,437.29998779296875,437.7762145996094,437.16009521484375,437.3039855957031,121005
2025-10-17 16:13:00+00:00,437.2699890136719,437.9800109863281,437.2200012207031,437.8550109863281,140312
2025-10-17 16:14:00+00:00,437.885009765625,438.159912109375,437.3002014160156,437.4100036621094,158492
2025-10-17 16:15:00+00:00,437.45989990234375,438.3399963378906,437.42999267578125,438.28271484375,164914
2025-10-17 16:16:00+00:00,438.260009765625,438.67999267578125,438.0,438.45001220703125,154807
2025-10-17 16:17:00+00:00,438.4549865722656,438.70001220703125,438.05999755859375,438.21051025390625,118774
2025-10-17 16:18:00+00:00,438.25,438.6400146484375,437.3900146484375,437.9599914550781,305778
2025-10-17 16:19:00+00:00,438.0,438.1099853515625,437.5101013183594,437.7749938964844,222025
2025-10-17 16:20:00+00:00,437.7200012207031,438.1300048828125,437.6400146484375,438.05999755859375,113161
2025-10-17 16:21:00+00:00,438.07000732421875,438.3299865722656,437.78009033203125,437.8800964355469,95123
2025-10-17 16:22:00+00:00,437.8999938964844,438.2298889160156,437.53009033203125,437.7200012207031,99328
2025-10-17 16:23:00+00:00,437.82000732421875,438.8999938964844,437.7974853515625,438.8500061035156,222671
2025-10-17 16:24:00+00:00,438.7900085449219,438.80999755859375,438.0400085449219,438.31500244140625,415425
2025-10-17 16:25:00+00:00,438.2799987792969,438.8699951171875,438.1300964355469,438.843994140625,127050
2025-10-17 16:26:00+00:00,438.8299865722656,438.95001220703125,438.23419189453125,438.260986328125,278603
2025-10-17 16:27:00+00:00,438.3450012207031,439.3299865722656,438.29998779296875,439.32000732421875,291751
2025-10-17 16:28:00+00:00,439.25,439.3299865722656,438.739990234375,438.8840026855469,142769
2025-10-17 16:29:00+00:00,438.8599853515625,438.8999938964844,438.510009765625,438.7699890136719,81282
2025-10-17 16:30:00+00:00,438.6700134277344,439.04998779296875,438.1199951171875,438.30999755859375,168639
2025-10-17 16:31:00+00:00,438.3900146484375,438.5400085449219,438.1520080566406,438.3299865722656,126630
2025-10-17 16:32:00+00:00,438.2799987792969,438.4800109863281,437.8800048828125,437.9599914550781,116105
2025-10-17 16:33:00+00:00,437.9483947753906,438.04998779296875,437.6700134277344,437.6706848144531,117673
2025-10-17 16:34:00+00:00,437.7049865722656,437.75,437.17999267578125,437.32598876953125,155451
2025-10-17 16:35:00+00:00,437.3153076171875,437.5198974609375,436.6199951171875,436.6199951171875,186824
2025-10-17 16:36:00+00:00,436.7298889160156,437.6000061035156,436.69000244140625,437.57989501953125,179231
2025-10-17 16:37:00+00:00,437.5350036621094,437.9729919433594,437.3299865722656,437.7749938964844,136787
2025-10-17 16:38:00+00:00,437.83990478515625,437.8399963378906,437.04998779296875,437.1000061035156,116770
2025-10-17 16:39:00+00:00,437.1275939941406,437.69989013671875,436.93011474609375,437.1151123046875,114936
2025-10-17 16:40:00+00:00,437.0873107910156,437.5799865722656,437.0398864746094,437.4400939941406,92058
2025-10-17 16:41:00+00:00,437.489990234375,437.8399963378906,437.0,437.010009765625,117278
2025-10-17 16:42:00+00:00,437.06500244140625,437.5,436.6099853515625,436.8689880371094,125070
2025-10-17 16:43:00+00:00,436.739990234375,437.1000061035156,436.54998779296875,436.76690673828125,117716
2025-10-17 16:44:00+00:00,436.7799987792969,437.25,436.54998779296875,437.1099853515625,112513
2025-10-17 16:45:00+00:00,437.1300048828125,437.1400146484375,436.5400085449219,436.7900085449219,105536
2025-10-17 16:46:00+00:00,436.7900085449219,437.5,436.6499938964844,437.45269775390625,102239
2025-10-17 16:47:00+00:00,437.4800109863281,437.8399963378906,437.2601013183594,437.8232116699219,131260
2025-10-17 16:48:00+00:00,437.7699890136719,438.7799987792969,437.7300109863281,438.71990966796875,316076
2025-10-17 16:49:00+00:00,438.6409912109375,438.7998962402344,438.32000732421875,438.3999938964844,167139
2025-10-17 16:50:00+00:00,438.44000244140625,438.7344970703125,438.0199890136719,438.0780029296875,130424
2025-10-17 16:51:00+00:00,438.1099853515625,438.1400146484375,437.3399963378906,437.3999938964844,157476
2025-10-17 16:52:00+00:00,437.44000244140625,437.44000244140625,436.75,437.0,152511
2025-10-17 16:53:00+00:00,437.0299987792969,437.1028137207031,436.5199890136719,436.5299987792969,111831
2025-10-17 16:54:00+00:00,436.5531005859375,436.6700134277344,435.82000732421875,436.04998779296875,257611
2025-10-17 16:55:00+00:00,436.05499267578125,436.1499938964844,435.6000061035156,435.9949951171875,165187
2025-10-17 16:56:00+00:00,436.0060119628906,436.09991455078125,435.5799865722656,435.6400146484375,116778
2025-10-17 16:57:00+00:00,435.7099914550781,436.09991455078125,435.6017150878906,435.80999755859375,123645
2025-10-17 16:58:00+00:00,435.8500061035156,436.5776062011719,435.8299865722656,436.5400085449219,105663
2025-10-17 16:59:00+00:00,436.4599914550781,436.510009765625,436.1200866699219,436.29998779296875,85720
2025-10-17 17:00:00+00:00,436.29998779296875,436.8500061035156,435.75,436.7149963378906,156309
2025-10-17 17:01:00+00:00,436.7699890136719,436.9198913574219,436.510009765625,436.802001953125,99488
2025-10-17 17:02:00+00:00,436.79998779296875,436.8999938964844,436.2099914550781,436.6697082519531,107469
2025-10-17 17:03:00+00:00,436.5899963378906,436.7200012207031,436.2500915527344,436.43499755859375,54615
2025-10-17 17:04:00+00:00,436.42559814453125,436.6199951171875,436.1449890136719,436.30999755859375,98905
2025-10-17 17:05:00+00:00,436.3922119140625,436.70001220703125,436.2601013183594,436.44000244140625,80706
2025-10-17 17:06:00+00:00,436.4543151855469,437.3999938964844,436.3699951171875,437.3399963378906,138786
2025-10-17 17:07:00+00:00,437.3550109863281,437.3999938964844,436.7012023925781,436.70159912109375,100040
2025-10-17 17:08:00+00:00,436.7585144042969,436.92999267578125,436.32000732421875,436.6300048828125,125905
2025-10-17 17:09:00+00:00,436.5639953613281,436.6600036621094,435.8999938964844,436.1253967285156,117159
2025-10-17 17:10:00+00:00,436.114990234375,436.2049865722656,435.3399963378906,435.6199951171875,141992
2025-10-17 17:11:00+00:00,435.69000244140625,435.8299865722656,435.29998779296875,435.4700012207031,137573
2025-10-17 17:12:00+00:00,435.5050048828125,436.3599853515625,435.4801025390625,435.9100036621094,134792
2025-10-17 17:13:00+00:00,435.864990234375,436.489990234375,435.79998779296875,436.1700134277344,89007
2025-10-17 17:14:00+00:00,436.0985107421875,436.760009765625,436.0201110839844,436.489990234375,102523
2025-10-17 17:15:00+00:00,436.489990234375,436.5899963378906,436.0,436.0150146484375,73948
2025-10-17 17:16:00+00:00,436.0,436.3999938964844,435.75299072265625,435.9599914550781,96909
2025-10-17 17:17:00+00:00,436.010009765625,436.1000061035156,435.5,435.75201416015625,99393
2025-10-17 17:18:00+00:00,435.7650146484375,435.7900085449219,435.0201110839844,435.1199951171875,142410
2025-10-17 17:19:00+00:00,435.09600830078125,435.3299865722656,434.89581298828125,435.2601013183594,118164
2025-10-17 17:20:00+00:00,435.2980041503906,435.95989990234375,435.2218933105469,435.69000244140625,125813
2025-10-17 17:21:00+00:00,435.7023010253906,435.82000732421875,435.0199890136719,435.0815124511719,81596
2025-10-17 17:22:00+00:00,435.0,436.2799987792969,435.0,436.1700134277344,138431
2025-10-17 17:23:00+00:00,436.0299987792969,436.7799987792969,436.010009765625,436.5799865722656,153373
2025-10-17 17:24:00+00:00,436.5799865722656,436.89990234375,436.5,436.7893981933594,114504
2025-10-17 17:25:00+00:00,436.7799987792969,437.1400146484375,436.5,436.8312072753906,154880
2025-10-17 17:26:00+00:00,436.8599853515625,437.1199951171875,436.69000244140625,436.989990234375,147089
2025-10-17 17:27:00+00:00,436.9150085449219,437.1448059082031,436.75,436.9700012207031,84407
2025-10-17 17:28:00+00:00,436.95001220703125,436.9700012207031,436.42999267578125,436.7601013183594,104741
2025-10-17 17:29:00+00:00,436.739990234375,436.8900146484375,436.55999755859375,436.55999755859375,52998
2025-10-17 17:30:00+00:00,436.635009765625,436.8699951171875,436.4200134277344,436.7799987792969,68785
2025-10-17 17:31:00+00:00,436.8299865722656,437.07000732421875,436.5899963378906,437.0,80956
2025-10-17 17:32:00+00:00,437.05999755859375,437.3800048828125,436.2101135253906,436.66290283203125,172744
2025-10-17 17:33:00+00:00,436.614990234375,437.4599914550781,436.3800048828125,437.3800048828125,141364
2025-10-17 17:34:00+00:00,437.3992919921875,437.6400146484375,437.2699890136719,437.5199890136719,142930
2025-10-17 17:35:00+00:00,437.4599914550781,437.7200012207031,437.1700134277344,437.3714904785156,105002
2025-10-17 17:36:00+00:00,437.3320007324219,437.6299133300781,437.25,437.5899963378906,79296
2025-10-17 17:37:00+00:00,437.5199890136719,438.010009765625,437.4960021972656,437.71551513671875,159697
2025-10-17 17:38:00+00:00,437.67999267578125,437.7897033691406,437.010009765625,437.09619140625,127058
2025-10-17 17:39:00+00:00,437.1099853515625,437.59991455078125,437.05010986328125,437.59991455078125,96861
2025-10-17 17:40:00+00:00,437.5775146484375,437.77410888671875,437.1499938964844,437.43499755859375,65947
2025-10-17 17:41:00+00:00,437.4549865722656,437.70989990234375,437.1000061035156,437.55999755859375,93594
2025-10-17 17:42:00+00:00,437.6098937988281,437.6199951171875,436.510009765625,436.8299865722656,146668
2025-10-17 17:43:00+00:00,436.82000732421875,436.9898986816406,436.3999938964844,436.4519958496094,146773
2025-10-17 17:44:00+00:00,436.4100036621094,437.0,436.3599853515625,436.8999938964844,123340
2025-10-17 17:45:00+00:00,436.8299865722656,436.8299865722656,436.1099853515625,436.4093017578125,96024
2025-10-17 17:46:00+00:00,436.4208068847656,437.159912109375,436.1300048828125,437.0101013183594,93381
2025-10-17 17:47:00+00:00,437.0400085449219,437.2998962402344,436.67999267578125,436.8399963378906,79075
2025-10-17 17:48:00+00:00,436.95001220703125,437.6000061035156,436.80999755859375,437.5199890136719,135551
2025-10-17 17:49:00+00:00,437.4840087890625,437.8999938964844,437.3800048828125,437.8999938964844,117226
2025-10-17 17:50:00+00:00,437.8699951171875,438.82000732421875,437.82000732421875,438.79998779296875,248151
2025-10-17 17:51:00+00:00,438.8099060058594,438.9599914550781,438.5350036621094,438.9599914550781,147211
2025-10-17 17:52:00+00:00,438.95001220703125,439.59991455078125,438.7799987792969,439.3399963378906,373462
2025-10-17 17:53:00+00:00,439.2524108886719,439.7200012207031,439.2424011230469,439.5621032714844,160781
2025-10-17 17:54:00+00:00,439.6099853515625,439.8500061035156,439.30010986328125,439.3500061035156,200813
2025-10-17 17:55:00+00:00,439.3500061035156,439.44000244140625,438.4739074707031,438.55999755859375,225488
2025-10-17 17:56:00+00:00,438.5400085449219,439.239990234375,438.0307922363281,439.19268798828125,216623
2025-10-17 17:57:00+00:00,439.2217102050781,439.30999755859375,438.739990234375,438.8299865722656,113917
2025-10-17 17:58:00+00:00,438.9049987792969,439.17999267578125,438.79998779296875,438.9599914550781,110962
2025-10-17 17:59:00+00:00,438.9100036621094,439.11468505859375,438.7099914550781,438.8699951171875,105438
2025-10-17 18:00:00+00:00,438.85101318359375,439.3900146484375,438.8500061035156,438.92010498046875,121746
2025-10-17 18:01:00+00:00,438.9599914550781,439.1499938964844,438.8216857910156,438.9949951171875,84223
2025-10-17 18:02:00+00:00,439.0400085449219,439.30999755859375,438.55999755859375,438.9200134277344,150852
2025-10-17 18:03:00+00:00,438.9200134277344,439.0989074707031,438.7699890136719,438.9700012207031,97885
2025-10-17 18:04:00+00:00,438.9549865722656,439.59991455078125,438.9549865722656,439.260009765625,178886
2025-10-17 18:05:00+00:00,439.260009765625,439.79998779296875,439.1300048828125,439.7099914550781,186051
2025-10-17 18:06:00+00:00,439.7756042480469,439.92999267578125,439.6000061035156,439.7601013183594,223277
2025-10-17 18:07:00+00:00,439.7099914550781,439.9800109863281,439.3999938964844,439.97979736328125,197003
2025-10-17 18:08:00+00:00,439.9700012207031,440.37939453125,439.5899963378906,439.69000244140625,625149
2025-10-17 18:09:00+00:00,439.69000244140625,440.0,439.5400085449219,439.7200012207031,127333
2025-10-17 18:10:00+00:00,439.70001220703125,440.1807861328125,439.67999267578125,439.9106140136719,126720
2025-10-17 18:11:00+00:00,439.85009765625,439.9100036621094,439.0899963378906,439.35400390625,180049
2025-10-17 18:12:00+00:00,439.35400390625,439.95001220703125,439.19000244140625,439.6885070800781,136700
2025-10-17 18:13:00+00:00,439.6499938964844,439.7300109863281,438.8500061035156,438.94500732421875,144455
2025-10-17 18:14:00+00:00,438.9479064941406,439.0799865722656,438.67999267578125,438.7200012207031,166959
2025-10-17 18:15:00+00:00,438.75,439.2200012207031,438.5799865722656,438.8901062011719,220302
2025-10-17 18:16:00+00:00,438.94500732421875,439.8598937988281,438.94000244140625,439.22149658203125,158863
2025-10-17 18:17:00+00:00,439.2388916015625,439.5400085449219,439.226806640625,439.5,97436
2025-10-17 18:18:00+00:00,439.5,439.67999267578125,439.3299865722656,439.6050109863281,59165
2025-10-17 18:19:00+00:00,439.6000061035156,439.8599853515625,439.44000244140625,439.6449890136719,110700
2025-10-17 18:20:00+00:00,439.6449890136719,440.0,439.6449890136719,439.9599914550781,210341
2025-10-17 18:21:00+00:00,439.9549865722656,440.3999938964844,439.9100036621094,440.0979919433594,244612
2025-10-17 18:22:00+00:00,440.11199951171875,440.20001220703125,439.42999267578125,439.739990234375,197691
2025-10-17 18:23:00+00:00,439.7298889160156,440.2099914550781,439.6499938964844,440.1099853515625,106280
2025-10-17 18:24:00+00:00,440.0400085449219,440.1499938964844,439.60009765625,439.80999755859375,93929
2025-10-17 18:25:00+00:00,439.7850036621094,439.9100036621094,439.1199951171875,439.3999938964844,162720
2025-10-17 18:26:00+00:00,439.43499755859375,439.8399963378906,439.3500061035156,439.7200927734375,99616
2025-10-17 18:27:00+00:00,439.7200012207031,439.75,439.4200134277344,439.6499938964844,72950
2025-10-17 18:28:00+00:00,439.69500732421875,439.96728515625,439.510009765625,439.80999755859375,93863
2025-10-17 18:29:00+00:00,439.79730224609375,439.79998779296875,439.28009033203125,439.510009765625,119076
2025-10-17 18:30:00+00:00,439.510009765625,439.8599853515625,439.4750061035156,439.760009765625,85178
2025-10-17 18:31:00+00:00,439.7001037597656,439.8399963378906,439.4800109863281,439.79998779296875,102753
2025-10-17 18:32:00+00:00,439.7521057128906,439.8598937988281,439.57000732421875,439.5899963378906,63814
2025-10-17 18:33:00+00:00,439.6199951171875,439.6199951171875,438.25,438.32000732421875,254716
2025-10-17 18:34:00+00:00,438.3450012207031,439.3500061035156,438.2699890136719,439.2550048828125,171274
2025-10-17 18:35:00+00:00,439.2200012207031,439.4023132324219,439.08099365234375,439.17999267578125,87920
2025-10-17 18:36:00+00:00,439.1600036621094,439.20989990234375,438.8999938964844,438.9549865722656,106006
2025-10-17 18:37:00+00:00,438.9639892578125,439.20001220703125,438.8299865722656,438.8599853515625,68056
2025-10-17 18:38:00+00:00,438.8550109863281,439.1400146484375,438.79998779296875,438.80999755859375,69641
2025-10-17 18:39:00+00:00,438.8349914550781,438.8559875488281,437.8999938964844,438.02099609375,192025
2025-10-17 18:40:00+00:00,438.0069885253906,438.3999938964844,437.8599853515625,437.92999267578125,157507
2025-10-17 18:41:00+00:00,437.90399169921875,437.9700012207031,437.42498779296875,437.4450988769531,146566
2025-10-17 18:42:00+00:00,437.44500732421875,438.0799865722656,437.2099914550781,437.68499755859375,184589
2025-10-17 18:43:00+00:00,437.6199951171875,437.94000244140625,437.55999755859375,437.94000244140625,121695
2025-10-17 18:44:00+00:00,437.94000244140625,438.139892578125,437.7419128417969,437.79998779296875,112769
2025-10-17 18:45:00+00:00,437.8299865722656,438.4533996582031,437.75,438.3900146484375,108999
2025-10-17 18:46:00+00:00,438.3900146484375,439.0,438.3599853515625,438.8367004394531,176001
2025-10-17 18:47:00+00:00,438.8200988769531,438.8900146484375,438.0899963378906,438.1673889160156,108491
2025-10-17 18:48:00+00:00,438.1449890136719,438.1449890136719,437.6000061035156,437.74249267578125,118409
2025-10-17 18:49:00+00:00,437.75,438.0,437.75,437.8999938964844,89322
2025-10-17 18:50:00+00:00,437.9100036621094,438.2799987792969,437.7699890136719,438.04998779296875,609906
2025-10-17 18:51:00+00:00,438.0400085449219,438.2099914550781,437.6747131347656,437.8312072753906,98238
2025-10-17 18:52:00+00:00,437.8550109863281,437.8550109863281,437.260009765625,437.3399963378906,128542
2025-10-17 18:53:00+00:00,437.3900146484375,438.1499938964844,437.29998779296875,437.852294921875,138048
2025-10-17 18:54:00+00:00,437.82000732421875,437.9674987792969,437.6099853515625,437.69000244140625,77373
2025-10-17 18:55:00+00:00,437.610107421875,438.1099853515625,437.610107421875,437.95989990234375,83970
2025-10-17 18:56:00+00:00,437.8599853515625,437.95989990234375,437.5899963378906,437.7799987792969,71363
2025-10-17 18:57:00+00:00,437.7699890136719,437.9800109863281,437.5600891113281,437.7300109863281,67201
2025-10-17 18:58:00+00:00,437.7300109863281,438.05999755859375,437.6499938964844,437.92999267578125,96836
2025-10-17 18:59:00+00:00,437.9200134277344,437.989990234375,437.6499938964844,437.6900939941406,54732
2025-10-17 19:00:00+00:00,437.69500732421875,438.3999938964844,437.260009765625,437.30999755859375,190661
2025-10-17 19:01:00+00:00,437.3500061035156,437.9692077636719,437.2300109863281,437.8800048828125,108487
2025-10-17 19:02:00+00:00,437.8136901855469,437.8800048828125,437.42999267578125,437.510009765625,82098
2025-10-17 19:03:00+00:00,437.5,437.8500061035156,437.43499755859375,437.45001220703125,81150
2025-10-17 19:04:00+00:00,437.4999084472656,438.0,437.45001220703125,437.9324951171875,68102
2025-10-17 19:05:00+00:00,437.91009521484375,438.1300048828125,437.76190185546875,437.94989013671875,101327
2025-10-17 19:06:00+00:00,437.8999938964844,437.94000244140625,437.25,437.25,97177
2025-10-17 19:07:00+00:00,437.2900085449219,437.70001220703125,437.04998779296875,437.5661926269531,144167
2025-10-17 19:08:00+00:00,437.52398681640625,437.6000061035156,437.30999755859375,437.5450134277344,55126
2025-10-17 19:09:00+00:00,437.5539855957031,438.239990234375,437.5,438.15008544921875,127128
2025-10-17 19:10:00+00:00,438.239990234375,438.9794921875,438.239990234375,438.9407043457031,212340
2025-10-17 19:11:00+00:00,438.92999267578125,439.77960205078125,438.75,439.6449890136719,242601
2025-10-17 19:12:00+00:00,439.5799865722656,439.70001220703125,439.3500061035156,439.5924987792969,182628
2025-10-17 19:13:00+00:00,439.55999755859375,439.639892578125,439.30999755859375,439.5087890625,130267
2025-10-17 19:14:00+00:00,439.4801025390625,439.6300048828125,439.32000732421875,439.3699951171875,76578
2025-10-17 19:15:00+00:00,439.38970947265625,439.6400146484375,439.260009765625,439.4599914550781,102944
2025-10-17 19:16:00+00:00,439.4601135253906,439.94000244140625,439.4100036621094,439.8299865722656,146059
2025-10-17 19:17:00+00:00,439.7500915527344,439.83990478515625,439.2099914550781,439.2099914550781,121271
2025-10-17 19:18:00+00:00,439.2099914550781,439.32989501953125,438.8999938964844,438.9400939941406,119871
2025-10-17 19:19:00+00:00,438.9200134277344,439.2799987792969,438.79998779296875,439.2449951171875,114132
2025-10-17 19:20:00+00:00,439.2200012207031,439.7699890136719,439.0299987792969,439.7583923339844,140001
2025-10-17 19:21:00+00:00,439.760009765625,439.989990234375,439.4757995605469,439.8215026855469,169491
2025-10-17 19:22:00+00:00,439.8599853515625,439.9798889160156,439.6300048828125,439.80010986328125,104654
2025-10-17 19:23:00+00:00,439.81201171875,440.4599914550781,439.80999755859375,440.29998779296875,373440
2025-10-17 19:24:00+00:00,440.2850036621094,441.455810546875,440.2699890136719,441.2820129394531,638836
2025-10-17 19:25:00+00:00,441.2640075683594,441.4200134277344,440.20001220703125,440.32000732421875,311923
2025-10-17 19:26:00+00:00,440.3900146484375,440.5299987792969,439.6401062011719,439.7699890136719,236633
2025-10-17 19:27:00+00:00,439.7850036621094,439.9800109863281,439.3100891113281,439.3699951171875,178002
2025-10-17 19:28:00+00:00,439.3399963378906,439.9700012207031,439.29998779296875,439.54998779296875,192885
2025-10-17 19:29:00+00:00,439.5299987792969,439.79998779296875,439.3999938964844,439.3999938964844,155038
2025-10-17 19:30:00+00:00,439.42999267578125,439.47100830078125,438.20001220703125,438.4258117675781,291644
2025-10-17 19:31:00+00:00,438.4599914550781,438.4800109863281,437.912109375,438.1300048828125,219827
2025-10-17 19:32:00+00:00,438.2799987792969,438.4700012207031,438.010009765625,438.1600036621094,140036
2025-10-17 19:33:00+00:00,438.1499938964844,438.1499938964844,437.6499938964844,437.9750061035156,180338
2025-10-17 19:34:00+00:00,437.9486999511719,438.38629150390625,437.8800048828125,438.17999267578125,153166
2025-10-17 19:35:00+00:00,438.2049865722656,438.79998779296875,438.1000061035156,438.4960021972656,200440
2025-10-17 19:36:00+00:00,438.42999267578125,438.64990234375,438.3800048828125,438.6400146484375,438582
2025-10-17 19:37:00+00:00,438.6650085449219,438.8299865722656,438.45001220703125,438.75,127076
2025-10-17 19:38:00+00:00,438.7699890136719,439.21051025390625,438.75,439.1700134277344,207517
2025-10-17 19:39:00+00:00,439.1700134277344,439.2300109863281,438.5575866699219,438.7149963378906,241711
2025-10-17 19:40:00+00:00,438.7149963378906,438.80999755859375,438.0,438.2298889160156,162903
2025-10-17 19:41:00+00:00,438.1940002441406,438.7200012207031,438.1940002441406,438.4800109863281,355531
2025-10-17 19:42:00+00:00,438.4700012207031,438.625,438.2200012207031,438.4800109863281,116072
2025-10-17 19:43:00+00:00,438.4700012207031,438.8399963378906,438.29998779296875,438.3572082519531,143669
2025-10-17 19:44:00+00:00,438.32379150390625,438.45001220703125,437.8500061035156,438.0849914550781,175134
2025-10-17 19:45:00+00:00,438.07000732421875,438.67999267578125,438.07000732421875,438.4800109863281,173252
2025-10-17 19:46:00+00:00,438.510009765625,438.6499938964844,437.8500061035156,438.04998779296875,148851
2025-10-17 19:47:00+00:00,438.055908203125,438.19000244140625,437.68011474609375,437.8855895996094,158986
2025-10-17 19:48:00+00:00,437.8900146484375,438.489990234375,437.8900146484375,438.2300109863281,157142
2025-10-17 19:49:00+00:00,438.2300109863281,438.3500061035156,437.94000244140625,438.3500061035156,111954
2025-10-17 19:50:00+00:00,438.2900085449219,439.1499938964844,438.05999755859375,438.2699890136719,324444
2025-10-17 19:51:00+00:00,438.20001220703125,438.3599853515625,437.75,438.2850036621094,224743
2025-10-17 19:52:00+00:00,438.2799987792969,438.69000244140625,438.260009765625,438.447998046875,307534
2025-10-17 19:53:00+00:00,438.5,439.1799011230469,438.3848876953125,438.81219482421875,254441
2025-10-17 19:54:00+00:00,438.80499267578125,439.4100036621094,438.67999267578125,438.9649963378906,288081
2025-10-17 19:55:00+00:00,439.0198974609375,439.20001220703125,438.20001220703125,438.9809875488281,273019
2025-10-17 19:56:00+00:00,439.05999755859375,439.1499938964844,438.8299865722656,439.07000732421875,201372
2025-10-17 19:57:00+00:00,439.0400085449219,439.44000244140625,438.95001220703125,439.34991455078125,263092
2025-10-17 19:58:00+00:00,439.29998779296875,439.8999938964844,439.2101135253906,439.8399963378906,335216
2025-10-17 19:59:00+00:00,439.8299865722656,439.8599853515625,439.25,439.2699890136719,533512
2025-10-17 20:00:00+00:00,439.31,439.5097,439.01,439.4017,2860594
2025-10-17 20:01:00+00:00,439.44,439.4891,439.3,439.3,0
2025-10-17 20:02:00+00:00,439.3,439.4015,439.1,439.3,0
2025-10-17 20:03:00+00:00,439.33,439.46,439.29,439.31,0
2025-10-17 20:04:00+00:00,439.38,439.88,439.31,439.8065,0
2025-10-17 20:05:00+00:00,439.8012,440.36,439.31,440.24,0
2025-10-17 20:06:00+00:00,440.1,440.3,439.31,440.1,0
2025-10-17 20:07:00+00:00,440.02,440.15,439.51,439.7608,0
2025-10-17 20:08:00+00:00,439.84,439.9,439.41,439.56,0
2025-10-17 20:09:00+00:00,439.64,439.7,439.29,439.29,0
2025-10-17 20:10:00+00:00,439.3,439.45,439.3,439.36,0
2025-10-17 20:11:00+00:00,439.324,439.37,439.05,439.235,0
2025-10-17 20:12:00+00:00,439.1814,439.29,439.021,439.07,0
2025-10-17 20:13:00+00:00,439.03,439.29,439.01,439.29,0
2025-10-17 20:14:00+00:00,439.29,439.29,439.13,439.23,0
2025-10-17 20:15:00+00:00,439.2,439.31,439.17,439.22,0
2025-10-17 20:16:00+00:00,439.22,439.22,439.13,439.13,0
2025-10-17 20:17:00+00:00,439.13,439.28,439.13,439.28,0
2025-10-17 20:18:00+00:00,439.21,439.31,439.15,439.15,0
2025-10-17 20:19:00+00:00,439.13,439.31,438.87,438.88,0
2025-10-17 20:20:00+00:00,438.99,439.2106,438.87,439.0,0
2025-10-17 20:21:00+00:00,439.0,439.355,439.0,439.2373,0
2025-10-17 20:22:00+00:00,439.32,439.41,439.15,439.25,0
2025-10-17 20:23:00+00:00,439.26,439.4,439.2,439.35,0
2025-10-17 20:24:00+00:00,439.29,439.5,439.21,439.495,0
2025-10-17 20:25:00+00:00,439.47,439.49,439.2,439.355,0
2025-10-17 20:26:00+00:00,439.31,439.45,439.25,439.35,0
2025-10-17 20:27:00+00:00,439.33,439.5,439.29,439.38,0
2025-10-17 20:28:00+00:00,439.31,439.5,439.3,439.5,0
2025-10-17 20:29:00+00:00,439.48,439.49,439.3,439.355,0
2025-10-17 20:30:00+00:00,439.4,439.58,439.21,439.575,0
2025-10-17 20:31:00+00:00,439.58,439.74,439.31,439.4,0
2025-10-17 20:32:00+00:00,439.49,439.5755,439.4,439.455,0
2025-10-17 20:33:00+00:00,439.406,439.4705,439.3,439.35,0
2025-10-17 20:34:00+00:00,439.3,439.5,439.3,439.4,0
2025-10-17 20:35:00+00:00,439.4,439.47,439.15,439.22,0
2025-10-17 20:36:00+00:00,439.21,439.31,439.0,439.15,0
2025-10-17 20:37:00+00:00,439.13,439.2,439.0,439.155,0
2025-10-17 20:38:00+00:00,439.01,439.31,438.97,439.06,0
2025-10-17 20:39:00+00:00,439.07,439.22,439.0,439.08,0
2025-10-17 20:40:00+00:00,439.08,439.19,439.01,439.03,0
2025-10-17 20:41:00+00:00,439.0913,439.1,439.03,439.08,0
2025-10-17 20:42:00+00:00,439.06,439.12,439.04,439.1,0
2025-10-17 20:43:00+00:00,439.2,439.2,439.04,439.08,0
2025-10-17 20:44:00+00:00,439.086,439.2,439.06,439.1,0
2025-10-17 20:45:00+00:00,439.1975,439.1975,439.04,439.06,0
2025-10-17 20:46:00+00:00,439.04,439.24,439.04,439.11,0
2025-10-17 20:47:00+00:00,439.11,439.25,439.09,439.21,0
2025-10-17 20:48:00+00:00,439.145,439.21,439.09,439.205,0
2025-10-17 20:49:00+00:00,439.215,439.23,439.11,439.11,0
2025-10-17 20:50:00+00:00,439.11,439.4,439.11,439.4,0
2025-10-17 20:51:00+00:00,439.3002,439.47,439.29,439.41,0
2025-10-17 20:52:00+00:00,439.4,439.5,439.15,439.2,0
2025-10-17 20:53:00+00:00,439.21,439.55,439.21,439.37,0
2025-10-17 20:54:00+00:00,439.3829,439.55,439.16,439.29,0
2025-10-17 20:55:00+00:00,439.48,439.48,439.16,439.17,0
2025-10-17 20:56:00+00:00,439.34,439.39,420.6809,439.28,0
2025-10-17 20:57:00+00:00,439.28,439.47,439.16,439.47,0
2025-10-17 20:58:00+00:00,439.24,439.36,439.16,439.32,0
2025-10-17 20:59:00+00:00,439.321,439.39,439.1,439.155,0
2025-10-17 21:00:00+00:00,439.12,439.21,423.4646,439.13,0
2025-10-17 21:01:00+00:00,439.155,439.21,439.1,439.2,0
2025-10-17 21:02:00+00:00,439.21,439.31,439.12,439.152,0
2025-10-17 21:03:00+00:00,439.13,439.22,439.1,439.22,0
2025-10-17 21:04:00+00:00,439.2,439.22,439.15,439.185,0
2025-10-17 21:05:00+00:00,439.16,439.2,425.8223,439.13,0
2025-10-17 21:06:00+00:00,439.14,439.17,439.0725,439.0725,0
2025-10-17 21:07:00+00:00,439.1,439.22,439.07,439.07,0
2025-10-17 21:08:00+00:00,439.1,439.13,439.04,439.07,0
2025-10-17 21:09:00+00:00,439.085,439.15,439.04,439.1,0
2025-10-17 21:10:00+00:00,439.095,439.15,439.02,439.045,0
